epoch,accuracy,learning_rate,loss,val_accuracy,val_loss
0,0.0062500000931322575,0.0005000000237487257,3.0760295391082764,0.0062500000931322575,3.0435357093811035
1,0.02500000037252903,0.0005000000237487257,3.080313205718994,0.0062500000931322575,3.0443077087402344
2,0.015625,0.0005000000237487257,3.080179452896118,0.0,3.0448803901672363
3,0.0078125,0.0005000000237487257,3.079996347427368,0.0,3.045041799545288
4,0.00937500037252903,0.0002500000118743628,3.0796937942504883,0.0,3.045417308807373
5,0.00937500037252903,0.0002500000118743628,3.079643726348877,0.0,3.0454928874969482
6,0.00937500037252903,0.0002500000118743628,3.0795841217041016,0.0,3.045867919921875
7,0.00937500037252903,0.0001250000059371814,3.0794425010681152,0.0,3.0458571910858154
8,0.00937500037252903,0.0001250000059371814,3.0793628692626953,0.0,3.0457606315612793
